First Name,Last Name,GPA for term-1 2013
Nadia Victoria,Harerimana,84.89
Grace,Uwilingiyimana,74.2
Lambertine,Niyomwungeri,78.2
Yvette,Umwamikazi,80.3
Sumaya,Uwera,78.67
Anne Marie,Mukamurenzi,70.67
Sylvie,Umutoni,80.6
Larissa,Umulinga,87.18
Sophie Marie Christelle,Gitego Simbi,64.89
Katia,Umutoni Rubanzana,82.1
Jeannette,Umutoni,82.4
Rosine,Niyonkuru,80.22
Divine,Rusa Umutesi,84.0
Nadia,Umutoni,86.82
Esther,Uwibambe,84.78
Cynthia,Umutoni,90.4
Francine,Nizongabire,86.6
Marie Ange Fiona,Umutoni,85.82
Cynthia M. Paula,Numukobwa,85.78
Jackline,Umurerwa,90.3
Sylvia,Kalisa Umuhoza,72.7
Phoebe,Tuyishime,90.18
Cynthia,Umwizerwa ,-1
Dalillah,Numukobwa,84.09
Irebe Faustine,Karasira,87.22
Alexia,Umurerwa,72.67
Lea,Rutabayiru,88.82
Joselyne,Iradukunda,-1
Marie-Sabine,Icyitegetse,67.8
Ariane,Kalisa,74.89
Lauren,Mugabo Inkingi,85.6
Lisa,Berwa,75.6
Ellen,Mahoro,83.9
Ibtihal,Arafat,74.67
Lina,Mahoro,71.0
Beatrice,Ayinkamiye,85.56
Diane,Iradukunda,80.2
Grace,Kayitesi,73.33
Alodie,Iradukunda,81.89
Clementine,Iradukunda,86.33
Benjamine,Iradukunda,65.4
Annick La Reine,Shimwa,77.0
Viviane,Niyomwungeri,82.67
Liliane Kevine,Ikirezi,83.5
Therese,Iradukunda,79.4
Dorcas,Nyiransengiyandemye,89.36
Queen Leilla,Umutoniwase,85.09
Joseline,Uwase Ishimwe,85.09
Jocelyn,Mizero,82.33
Gloria,Ineza,82.09
Yvonne,Musiime Mutoni,83.67
Marie Consolatrice,Kamana,69.5
Christa Merveille,Uwanyuzese,87.27
Annick,Nshuti,92.09
Olivia,Ineza,79.0
Anoilite,Nyiranzabahimana,79.78
Angela,Uwase Rangira,93.0
Solange,Musabyimana,83.22
Sandrine,Mutuzo,81.33
Pascaline,Mfuranzima,74.33
Christelle,Igihozo,93.82
Divine,Irakoze,-1
Melissa,Umutoni,75.5
Pelagie,Muhorakeye,79.4
Delta,Uwase,89.73
Noella Emmanuella,Ishimwe,75.9
Jeanne,Akimanizanye,55.2
Sandra,Umubyeyi,79.89
Aline Bozon,Umurungi,79.1
Assumpta,Ishimwe Gasana,86.6
Olive,Niyizigihe,86.22
Marie Merci Arielle,Kayijamahe Ishimwe,91.4
Esther,Ntiyaduhanye,78.67
Annociat,Muhorakeye,84.11
Marie Martine,Uwera,87.22
Ines,Ingabire Karangwa,81.73
Linda,Nyakayiro Kabasinga,86.73
Nicole,Kamikazi,80.78
Daisy,Karega,87.73
Belise,Bwiza Rwarinda,83.91
Providence,Karigirwa M.,92.64
Yvette,Mabano,81.2
Elizabeth,Nsabimana Ituze,-1
Tamara Kay,Birasa,79.44
Angel,Mutoni,72.11
Witness,Uwera,79.0
Anna,Batamuliza,71.44
Natacha,Umubyeyi Immaculee,84.91
Mathilde,Murebwayire,81.6
Gaudance,Nyirandayambaje,81.0
Joyce,GoodLuck,86.11
Alice,Kashaija,78.4
Emily Christella,Umuhoza,70.44
Elvanie,Batamuliza,75.22
Marie Grace,Giramahoro,89.36
Nadege,Uwurukundo Mpore,93.82
Lydiah,Murerwa,76.78
Jocelyn,Niyonsenga,82.0
Ines,Simbi,79.4
Sandrine,Umutoniwase,75.9
Emerthe,Mutuyimana,53.3
Angella,Mutesi,74.44
Christelle,Shimwa,87.09
Peace,Murerwa,87.2
Divine Christelle,Umutoniwase,82.0
Josine,Mutuyimana,86.8
Brenda,Umutoniwase,89.73
Aimee Bernice,Uwase,81.9
Peace,Munyana,79.0
Ernestine,Iradukunda Abayo,85.18
Lilian,Akaliza,84.0
Clemence,Mutoni,80.0
Hope,Uwase,77.22
Celine,Akaliza,83.45
Clenie,Mukashyaka,81.11
Marie Alexandrine,Iradukunda,92.0
Anny Christelle,Baho,81.0
Tracy,Mutoni,90.27
Shemsa,Ndahiro Iribagiza,80.09
Ange,Ndayishimiye,91.82
Lys Ntaganda,Keza,86.73
Francoise,Mukashyaka,82.1
Shadadi,Mutoni,86.44
Aude,Gaju Ngoga,87.4
Betty,Tuyishimire,85.45
Besta,Mugabekazi,89.27
Yvonne,Mutoni,78.67
Tania,Rugamba,83.82
Kevine,Kwizera,91.18
Xandra,Wihogora,80.7
Michaella,Ibambasi Marebe,81.45
Shukuru,Niyireba,83.73
Roxanne,Umugwaneza Carene,82.1
Fanny Stephanie,Uwase,81.9
Linda,Umwali,88.33
Ange,Kalitanyi Kayitesi,86.4
Grace,Mutavu,84.22
Claudine,Uwamahoro,77.73
Olive,Ishimirwe,85.5
Pamela,Ineza Karega,84.36
Prossy,Mutoni,74.2
Happiness,Uwitonze,77.6
Benigne,Uwase Kabano,87.45
Rosine,Umuhoza,86.64
Marthe,Uwitonze,83.09
Ornella,Umuhoza Kayiranga,78.0
Diana,Munyana Musoni,82.67
Anabella,Isaro,85.22
Fideline,Uwase Vumiliya,80.67
Ange Mireille,Kunda,73.36
Lisa,Nzeyimana Ishimwe,84.09
Lydivine,Mugisha,81.5
Enatha,Ntirandekura,78.33
Marie de Dieu,Uwahorasenga,80.33
Angelique,Ingabire,79.4
Chantal PCM,Umuhoza,92.18
Diana,Simbi,78.5
Ornella,Kanyana,78.3
Yvette,Umutari,82.22
Mireille,Muhoza,85.22
Laisha,Mugisha,57.56
Esther,Rugoli,92.0
Yvonne,Mukakapitali,85.82
Sandra,Akariza,90.82
Huguette,Nishimwe Umwali,85.73
Janviere,Nishimwe,80.11
Lillian,Mbabazi,81.56
Marie Clarisse,Mukanyandwi,89.4
Peace,Iraguha,86.73
Diane,Nirere,81.11
Irakoze Merveille,Kazimoto,84.67
Agnes,Mukamana,76.33
Odile,Umuhoza,85.82
Jeannette,Ingabire,94.45
Chantal MCB,Umuhoza,88.73
Solange Saano,Muhoza,71.8
Victoire,Alleluia Shenge,87.3
Gloria,Uwera,91.0
Gloria,Giramahoro,91.8
Immaculee,Irankunda,77.0
Bernice,Tona,70.56
Liliane,Kabanyana,81.56
Sarah,Kamanzi Uwase,95.09
Isabelle,Mugenzi,68.1
Christelle,Nayandi Umuhoza,87.89
Grace,Murekatete,90.09
Jeannette,Uzamukunda,83.18
Mireille,Mwiza Iradukunda,87.36
Marie Ange,Uwonkunda,92.09
Noelie,Nyirabirori,55.33
Myrtille Alesia,Murangamirwa,78.3
M. Louise,Mukarugira,81.91
Diella,Nzitonda,81.73
Tina,Uwase,76.56
Louange,Ndayishimiye Kwizera,89.55
Zula,Mucyo,84.7
Pacifique,Uwangabe,75.33
Vanessa,Nkesha Ibambe,72.09
Grace,Songa Ganza,78.56
Vanessa,Mpogazi,73.11
Chantal,Nyirandagijimana,63.4
Leoncie,Mukatorero,51.3
Gloria,Uwamahoro,82.5
Audrey,Igitego,93.82
Grace,Umutesi,74.5
Angella,Mwiza Isimbi,88.27
Queen,Umutesi,88.8
Gisele,Umuhoza Karuranga,96.45
Ines,Uwase Rubanzana,90.82
Yvonne,Numutari,77.78
Jisca,Ngendahayo Azabe,64.0
Aline,Utuje Munyampundu,91.82
Marie Celeste,Dushime,84.89
Vestine,Niyibizi,88.0
Fabiola Aurore,Iradukunda Kabera,91.5
Gloria,Uwizeyimana,87.9
Denyse,Uwizeyimana,82.89
Souzane,Mukabakina,64.7
Charity,Ngutete,64.5
Fortunee,Umuhozawase,80.0
Portia,Uwase Zuba,90.09
Cleo,Ingabire Munyangabo,96.36
Vanina,Umutako,82.0
Arlene,Bahenda Ingabire,77.56
Grace,Ingabire,86.78
Diane,Ingabire,87.0
Queen Vanessa,Rugero,76.8
Josiane,Ingabire Nkusi,68.78
Marie Claire,Dusabimana,-1
Lisa,Uwamwezi Ngoga,74.09
Linda,Nzabamwita Umutoni,-1
Lilian,Ingabire,73.6
Melissa,Kagaju,94.09
Nadine,Uwayezu,86.27
Yvonne,Niyongira,88.6
Amandine,Manywa Nijimbere,89.91
Julienne,Uzayisenga,64.3
Nancy,Umutoniwase,78.44
Raissa,Urujeni,77.55
Diane,Simbi,70.5
Rachel,Mukantegeye,87.82
Aneth,Ishimwe,86.45
Chelsea Hilda,Gaju,79.18
Stella-Noella,Tetero,96.64
Jeanne,Cyuzuzo,67.5
Grace,Iliza Ndatinya,80.4
Honorine,Uwicyubahiro,75.5
Nelly,Cyuzuzo,76.0
Amelie,Ndongozi,89.36
Greta,Umunoza Kayijema,82.9
Caroline,Umukobwa,83.56
Sophie,Mukamanzi,82.22
Esther,Uwimana,72.22
Marie Antoinette,Shema,76.78
Enack Stacy,Kamikazi,81.09
Diane,Mutako,96.55
Yvette,Uwineza,84.82
Maureen,Urujeni,77.6
Angelique,Mukantwari,82.9
Bertine,Niyomfura,76.27
Seraphine,Kamayirese,87.3
Vanessa,Giramata Sebarinda,87.64
Nina,Ikirezi,-1
Clementine,Uwizeye,76.56
Chartine,Iraguha Umuhire,83.44
Sylvie,Abingeneye,86.22
Claudine,Ukubereyimfura,87.45
Aline,Niyongere,70.6
Hilarie,Uwamahoro,84.7
Valentine,Ndacyayisenga,74.44
Lyse Fleurissa,Maliza,83.0
Phyllis,Uwase Kabano,76.67
Angelique,Usanase,69.91
